#AVVIO,1360
1375,1,0,0;21:27:0:P
1456,1,1,0;21:26:0:P
1545,1,1,0;21:26:0:P
1634,1,1,0;21:26:0:P
1723,1,1,0;21:26:0:P
1812,1,1,0;22:26:0:P
1901,1,1,0;22:26:0:P
1990,1,1,0;23:27:0:P
2079,1,1,0;23:28:-8:P
2168,1,1,0;24:29:-16:P
2257,1,1,0;27:32:-24:P
2346,1,1,0;28:35:-32:P
2435,1,1,0;25:39:-16:P
2523,1,1,0;18:43:-8:P
2613,1,1,0;2:50:-8:P
2702,1,1,0;-9:58:0:P
2791,1,1,0;-17:63:0:P
2880,1,1,0;-12:58:0:P
2969,1,1,0;-8:55:16:P
3058,1,1,0;-7:54:0:P
3147,1,1,0;-5:53:8:P
3235,1,1,0;-4:52:8:P
3325,1,1,0;-4:51:-32:P
3413,1,1,0;-3:51:-39:P
3502,1,1,0;-2:51:-88:P
3592,1,1,0;-1:51:-88:P
3681,1,1,0;0:50:-48:P
3770,1,1,0;-1:50:-32:P
3858,1,1,0;-1:49:-8:P
3947,1,1,0;0:47:-16:P
4036,1,1,0;0:44:-16:P
4125,1,1,0;0:41:-16:P
4214,1,1,0;0:39:-16:P
4304,1,1,0;0:37:-16:P
4392,1,1,0;-1:36:-24:P
4481,1,1,0;-2:33:-24:P
4570,1,1,0;-4:31:-24:P
4659,1,1,0;-6:29:0:P
4748,1,1,0;-7:29:0:P
4837,1,1,0;-7:28:0:P
4926,1,1,0;-8:27:0:P
5015,1,1,0;-8:27:0:P
5104,1,1,0;-9:26:0:P
5193,1,1,0;-9:26:0:P
5282,1,1,0;-9:25:0:P
5371,1,1,0;-8:25:0:P
5460,1,1,0;-8:24:8:P
5549,1,1,0;-9:24:8:P
5638,1,1,0;-9:23:8:P
5727,1,1,0;-9:23:0:P
5816,0,1,1;-9:23:0:F
5905,0,1,1;-9:23:0:F
5994,0,1,1;-9:24:0:F
6083,0,1,1;-9:23:0:F
6172,0,1,1;-8:23:0:F
6261,0,1,1;-7:23:0:F
6350,0,1,1;-7:22:8:F
6439,1,1,0;-7:22:0:P
6528,1,1,0;-7:22:0:P
6617,1,1,0;-8:21:0:P
6706,1,1,0;-8:21:0:P
6795,1,1,0;-9:21:0:P
6884,1,1,0;-8:21:0:P
6973,1,1,0;-7:20:0:P
7062,1,1,0;-6:20:0:P
7151,1,1,0;-5:20:0:P
7240,1,1,0;-4:20:0:P
7329,1,1,0;-3:19:8:P
7418,1,1,0;-2:19:0:P
7507,1,1,0;-2:19:0:P
7596,1,1,0;-1:19:0:P
7684,1,1,0;-1:19:0:P
7774,1,1,0;0:19:0:P
7863,1,1,0;0:19:0:P
7952,1,1,0;0:19:0:P
8041,1,1,0;0:19:0:P
8130,1,1,0;1:19:0:P
8219,1,1,0;1:18:0:P
8308,1,1,0;1:19:0:P
8397,1,1,0;0:18:-8:P
8486,1,1,0;0:18:0:P
8575,1,1,0;-1:18:0:P
8664,1,1,0;-2:18:0:P
8753,1,1,0;-2:19:0:P
8842,1,1,0;-1:19:0:P
8930,1,1,0;0:19:0:P
9020,1,1,0;0:19:0:P
9109,1,1,0;0:19:0:P
9198,1,1,0;0:19:0:P
9286,1,1,0;0:19:-8:P
9376,1,1,0;1:19:8:P
9464,1,1,0;2:19:8:P
9554,1,1,0;3:19:0:P
9642,1,1,0;4:19:0:P
9731,1,1,0;4:19:-8:P
9821,1,1,0;5:19:-8:P
9910,1,1,0;5:19:-8:P
9999,1,1,0;6:19:-8:P
10087,1,1,0;6:19:-8:P
10176,1,1,0;7:19:8:P
10265,1,1,0;7:18:8:P
10354,1,1,0;7:18:8:P
10443,1,1,0;8:18:8:P
10532,1,1,0;8:18:8:P
10621,1,1,0;8:18:8:P
10710,1,1,0;9:18:0:P
10799,1,1,0;9:17:0:P
10888,1,1,0;10:17:0:P
10977,1,1,0;10:17:0:P
11066,1,1,0;10:17:0:P
11156,1,1,0;9:17:0:P
11245,1,1,0;9:18:0:P
11334,1,1,0;9:19:0:P
11423,1,1,0;8:20:0:P
11512,1,1,0;8:20:0:P
11600,1,1,0;8:21:0:P
11689,1,1,0;7:22:0:P
11778,1,1,0;7:22:0:P
11867,1,1,0;7:23:0:P
11956,1,1,0;8:23:0:P
12045,1,1,0;8:23:0:P
12134,1,1,0;9:23:-8:P
12223,1,1,0;9:23:0:P
12312,1,1,0;9:23:0:P
12401,1,1,0;9:22:0:P
12490,1,1,0;9:22:0:P
12579,1,1,0;9:22:0:P
12668,1,1,0;9:22:0:P
12757,1,1,0;9:21:0:P
12846,1,1,0;9:21:0:P
12935,1,1,0;10:21:0:P
13024,1,1,0;10:21:0:P
13113,1,1,0;10:21:0:P
